benchmark,case,partition_count,producer_count,physical_shard_count,rows,batch_size,payload_bytes,repeat,elapsed_seconds,rows_per_second,input_mib_per_second,wal_mib_per_second,wal_bytes,wal_entries
write,single_p1,1,1,1,200000,5000,256,0,2.462685,81212.161,25.395,28.379,73282752,40
write,single_p1,1,1,1,200000,5000,256,1,2.584463,77385.524,24.198,27.042,73282752,40
write,single_p1,1,1,1,200000,5000,256,2,2.639548,75770.541,23.693,26.477,73282752,40
write,single_p2,2,1,2,200000,5000,256,0,2.187024,91448.455,28.596,31.976,73328192,80
write,single_p2,2,1,2,200000,5000,256,1,2.318510,86262.303,26.974,30.162,73328192,80
write,single_p2,2,1,2,200000,5000,256,2,2.310371,86566.177,27.069,30.268,73328192,80
write,single_p4,4,1,4,200000,5000,256,0,2.445032,81798.526,25.578,28.643,73435136,160
write,single_p4,4,1,4,200000,5000,256,1,2.110878,94747.301,29.627,33.177,73435136,160
write,single_p4,4,1,4,200000,5000,256,2,2.677060,74708.830,23.361,26.160,73435136,160
write,single_p8,8,1,8,200000,5000,256,0,2.189598,91340.961,28.562,32.079,73652288,320
write,single_p8,8,1,8,200000,5000,256,1,2.533699,78935.976,24.683,27.722,73652288,320
write,single_p8,8,1,8,200000,5000,256,2,2.229137,89720.822,28.056,31.510,73652288,320
write,single_p16,16,1,16,200000,5000,256,0,2.296239,87098.935,27.236,30.742,74020672,640
write,single_p16,16,1,16,200000,5000,256,1,2.262673,88391.025,27.640,31.198,74020672,640
write,single_p16,16,1,16,200000,5000,256,2,2.443533,81848.714,25.594,28.889,74020672,640
write,scale_p4_prod1,4,1,4,500000,5000,256,0,5.451579,91716.547,28.738,32.180,183954368,400
write,scale_p4_prod1,4,1,4,500000,5000,256,1,5.370774,93096.454,29.170,32.664,183954368,400
write,scale_p4_prod1,4,1,4,500000,5000,256,2,5.880595,85025.409,26.641,29.832,183954368,400
write,scale_p4_prod2,4,2,8,500000,5000,256,0,3.604971,138697.387,43.400,48.666,183960960,400
write,scale_p4_prod2,4,2,8,500000,5000,256,1,3.361572,148739.913,46.542,52.190,183960960,400
write,scale_p4_prod2,4,2,8,500000,5000,256,2,3.505117,142648.582,44.636,50.052,183960960,400
write,scale_p4_prod4,4,4,16,500000,5000,256,0,2.281852,219120.250,68.379,76.732,183596992,400
write,scale_p4_prod4,4,4,16,500000,5000,256,1,2.245377,222679.734,69.490,77.979,183596992,400
write,scale_p4_prod4,4,4,16,500000,5000,256,2,2.372768,210724.332,65.759,73.792,183596992,400
write,scale_p4_prod8,4,8,32,500000,5000,256,0,1.854669,269589.897,83.981,94.129,183059200,416
write,scale_p4_prod8,4,8,32,500000,5000,256,1,1.711004,292226.004,91.032,102.033,183059200,416
write,scale_p4_prod8,4,8,32,500000,5000,256,2,1.862919,268395.934,83.609,93.713,183059200,416
write,scale_p4_prod16,4,16,64,500000,5000,256,0,1.439628,347311.897,108.323,121.501,183412800,448
write,scale_p4_prod16,4,16,64,500000,5000,256,1,1.697164,294609.082,91.885,103.064,183412800,448
write,scale_p4_prod16,4,16,64,500000,5000,256,2,1.541765,324303.551,101.147,113.452,183412800,448
write,scale_p8_prod1,8,1,8,500000,5000,256,0,5.700047,87718.569,27.485,30.868,184494656,800
write,scale_p8_prod1,8,1,8,500000,5000,256,1,5.947430,84069.920,26.342,29.584,184494656,800
write,scale_p8_prod1,8,1,8,500000,5000,256,2,5.615623,89037.324,27.899,31.332,184494656,800
write,scale_p8_prod2,8,2,16,500000,5000,256,0,3.728494,134102.406,41.962,47.192,184500544,800
write,scale_p8_prod2,8,2,16,500000,5000,256,1,3.475593,143860.330,45.016,50.625,184500544,800
write,scale_p8_prod2,8,2,16,500000,5000,256,2,3.540165,141236.356,44.194,49.702,184500544,800
write,scale_p8_prod4,8,4,32,500000,5000,256,0,2.234412,223772.530,69.831,78.592,184137856,800
write,scale_p8_prod4,8,4,32,500000,5000,256,1,2.134439,234253.547,73.102,82.273,184137856,800
write,scale_p8_prod4,8,4,32,500000,5000,256,2,2.160339,231445.137,72.226,81.287,184137856,800
write,scale_p8_prod8,8,8,64,500000,5000,256,0,1.594515,313574.945,97.682,109.818,183613184,832
write,scale_p8_prod8,8,8,64,500000,5000,256,1,1.671140,299197.010,93.204,104.783,183613184,832
write,scale_p8_prod8,8,8,64,500000,5000,256,2,1.633258,306136.593,95.365,107.213,183613184,832
write,batch_1,1,1,1,5000,1,256,0,176.419748,28.341,0.009,0.049,9000000,5000
write,batch_1,1,1,1,5000,1,256,1,177.565674,28.159,0.009,0.048,9000000,5000
write,batch_1,1,1,1,5000,1,256,2,176.277443,28.364,0.009,0.049,9000000,5000
write,batch_10,1,1,1,20000,10,256,0,70.988504,281.736,0.088,0.133,9872000,2000
write,batch_10,1,1,1,20000,10,256,1,73.122823,273.512,0.085,0.129,9872000,2000
write,batch_10,1,1,1,20000,10,256,2,72.310160,276.586,0.086,0.130,9872000,2000
write,batch_100,1,1,1,100000,100,256,0,37.221806,2686.597,0.837,0.969,37826112,1000
write,batch_100,1,1,1,100000,100,256,1,36.544541,2736.387,0.853,0.987,37826112,1000
write,batch_100,1,1,1,100000,100,256,2,36.862807,2712.761,0.845,0.979,37826112,1000
write,batch_1000,1,1,1,200000,1000,256,0,8.548532,23395.830,7.316,8.197,73473408,200
write,batch_1000,1,1,1,200000,1000,256,1,8.613839,23218.450,7.260,8.135,73473408,200
write,batch_1000,1,1,1,200000,1000,256,2,8.092001,24715.767,7.729,8.659,73473408,200
write,batch_5000,1,1,1,500000,5000,256,0,6.206773,80557.154,25.241,28.206,183571872,100
write,batch_5000,1,1,1,500000,5000,256,1,7.115868,70265.499,22.017,24.602,183571872,100
write,batch_5000,1,1,1,500000,5000,256,2,6.071522,82351.671,25.804,28.834,183571872,100
write,batch_10000,1,1,1,500000,10000,256,0,5.938702,84193.488,26.381,29.469,183511312,50
write,batch_10000,1,1,1,500000,10000,256,1,5.441136,91892.576,28.793,32.164,183511312,50
write,batch_10000,1,1,1,500000,10000,256,2,5.307767,94201.566,29.517,32.972,183511312,50
